1502026416	human
2492782375	human
293212315	human
191839658	human
3020965143	human
2157382005	human
1947320929	human
255846106	human
1733095801	human
1336097480	human
380322177	human
32988810	human
21959183	human
1553611423	human
348080571	human
839690880	human
143687056	human
2291421004	human
2337494094	human
225241810	human
375114767	human
52929021	human
1657000316	human
325967359	human
585912212	human
2419936286	human
2320414572	human
262531823	human
226315121	human
492649414	human
56554591	human
85193539	human
166211662	human
222290847	human
2765166293	human
2497379616	human
69991603	human
357747403	human
430285181	human
1141299306	human
37407255	human
112295272	human
208664282	human
348393966	human
1245621752	human
329481796	human
131043638	human
150183040	human
91287122	human
2244762307	human
344457551	human
2360378178	human
398467095	human
2400711853	human
32494880	human
2362812823	human
509255384	human
86565348	human
250207934	human
238040058	human
476876406	human
190345460	human
1376257824	human
714550385	human
474152548	human
1373517728	human
177906959	human
2248762537	human
462534253	human
93941188	human
22437394	human
1195136336	human
1956659528	human
1175224910	human
578904059	human
454183646	human
318040219	human
558782771	human
1425572605	human
103668192	human
50034798	human
2574200442	human
53114456	human
1495594020	human
1387377110	human
1892545526	human
489714722	human
278811330	human
64534012	human
138472981	human
1727495887	human
440901699	human
185216671	human
32831822	human
2938551012	human
241347721	human
20301520	human
1191129162	human
49709134	human
58797847	human
392080330	human
1120863444	human
1261040287	human
2257926470	human
96815122	human
120833703	human
58477691	human
22798846	human
381753637	human
2718118608	human
581233948	human
1194760087	human
3140424071	human
434832511	human
517639654	human
468080275	human
622956477	human
149723283	human
742326175	human
2311184364	human
2251878995	human
2378140945	human
519445792	human
2920448851	human
252882696	human
41950696	human
2941150861	human
2204112777	human
484522355	human
1874015534	human
59689509	human
1897930380	human
58702972	human
508355849	human
3164941860	human
110122113	human
866157062	human
231257304	human
884366718	human
208913421	human
229875064	human
341900539	human
136245387	human
745638440	human
1544322560	human
1505023116	human
119112245	human
368134512	human
485384525	human
2152052819	human
634704287	human
2557136665	human
92999280	human
372835779	human
1858934186	human
282427769	human
40219052	human
1408912964	human
40008819	human
777083114	human
24080811	human
990963038	human
448697610	human
110928853	human
54552304	human
2772354013	human
2799099042	human
400983194	human
497404180	human
14587971	human
3022543596	human
121976265	human
2914171005	human
2644167680	human
33764583	human
223345906	human
420189045	human
1668189836	human
375299270	human
23444554	human
1465761582	human
44686891	human
2561813863	human
2445641666	human
344317888	human
2511944460	human
2618119582	human
88345204	human
2214453095	human
221475117	human
26528107	human
101669097	human
2977924797	human
2317599350	human
165077100	human
2202044150	human
73237856	human
2356425746	human
3018260990	human
1135530474	human
834680701	human
3007481400	human
235696520	human
2257069046	human
5812422	human
1086489391	human
2294138446	human
19325141	human
2596423866	human
100837759	human
887505716	human
80477690	human
250364288	human
2302538826	human
505440359	human
3033858666	human
121268938	human
573301009	human
1456643797	human
56032903	human
1536909666	human
300264746	human
344261687	human
19849696	human
1057635702	human
2290983830	human
713804306	human
613345676	human
1499931151	human
17801629	human
157029836	human
26203719	human
933183398	human
299271462	human
888320442	human
266794738	human
498418001	human
2347977979	human
2223611410	human
330169460	human
2210140580	human
21257459	human
874719912	human
2778387798	human
23808818	human
79894962	human
11630862	human
635818294	human
614447598	human
485273674	human
169194549	human
2563768914	human
990902802	human
1376920032	human
442079113	human
456357565	human
461572767	human
722623	human
139956067	human
18989002	human
359219562	human
147474106	human
902817020	human
18581153	human
275931291	human
578481944	human
208388521	human
457808323	human
2200425967	human
2785200258	human
553317912	human
2444483352	human
170554164	human
563333511	human
620078665	human
836742500	human
2243809497	human
18576332	human
528006498	human
798613004	human
413675359	human
985768968	human
3010585944	human
428628035	human
19300510	human
14247395	human
763095612	human
2382912776	human
747385746	human
33651270	human
1311456667	human
304261771	human
1093553114	human
282506597	human
193609769	human
367414177	human
403783820	human
2224804969	human
468308770	human
1877304734	human
16484437	human
35377886	human
2183434100	human
568015457	human
57549666	human
30059111	human
708043502	human
153690249	human
2828821663	human
44850701	human
1528172522	human
1032838123	human
2508074020	human
2259016411	human
1561409924	human
764731350	human
2694552757	human
113231814	human
250399342	human
16944013	human
368801289	human
1107989989	human
45449023	human
1705146012	human
2159485357	human
1353072290	human
333005444	human
323494341	human
492728332	human
630413999	human
589834497	human
227133540	human
1226238145	human
469595996	human
2983156296	human
250549433	human
2367477707	human
42244063	human
1578395316	human
94735361	human
1670962238	human
14391111	human
236449587	human
2654027174	human
421391363	human
228978063	human
2402922414	human
1333119788	human
450939144	human
25121744	human
2448332095	human
2423000125	human
540416380	human
525965404	human
471512676	human
43897661	human
506892551	human
889661521	human
190114317	human
161662393	human
22201064	human
57572464	human
771812148	human
967352869	human
124359379	human
1280865181	human
225683965	human
1557371234	human
144074129	human
109139576	human
380143624	human
706364737	human
1686842737	human
270654915	human
9272142	human
602307139	human
3048199577	human
2868402013	human
546533556	human
961709562	human
210704864	human
469739735	human
621021228	human
2781727178	human
143217021	human
528800946	human
745579297	human
2697960505	human
2991390654	human
194476539	human
3061358054	human
2424503989	human
451144632	human
2735881390	human
198249025	human
421577024	human
59230786	human
546312443	human
80119212	human
27372659	human
872703248	human
1549052863	human
127037804	human
1424238228	human
78989741	human
298742535	human
165277911	human
2882736641	human
15805367	human
220467586	human
232547074	human
535758794	human
48552476	human
2770511	human
490440829	human
542231259	human
1435964180	human
69379288	human
248453338	human
28088585	human
225248989	human
838827888	human
406510798	human
2903346739	human
1468885260	human
524913626	human
428641140	human
1338216625	human
402131078	human
304684588	human
612129754	human
96297290	human
157158598	human
42580296	human
266560801	human
545261627	human
2461920925	human
1546896846	human
83159701	human
101557278	human
409593977	human
56337417	human
26192354	human
1093261646	human
2325931652	human
2242993111	human
2916170922	human
532556025	human
587271182	human
547900413	human
56321548	human
79328703	human
1272060360	human
46841328	human
463045937	human
243850570	human
1190881465	human
403782011	human
1398673159	human
632368135	human
64965325	human
1853487314	human
20307019	human
392349274	human
1319639179	human
563452765	human
2379422593	human
3026783043	human
2841853914	human
2899116833	human
616602934	human
98199469	human
1944581808	human
259849575	human
1390147280	human
434818530	human
2380148790	human
517160489	human
2455018318	human
297310680	human
503262878	human
54546468	human
465013390	human
245307045	human
1693274954	human
215982940	human
2799937080	human
238588883	human
138637933	human
1094680927	human
1079378204	human
43476480	human
323258441	human
1438656991	human
23132833	human
72060994	human
1282062985	human
3042955211	human
397983328	human
1318895588	human
149421076	human
980981264	human
2587768189	human
341396015	human
1659710504	human
3027627954	human
29267129	human
574809536	human
1852825657	human
77441233	human
949432574	human
208147488	human
632503479	human
206329613	human
769339466	human
402917643	human
2562390674	human
266900678	human
938206194	human
17283343	human
2233856637	human
15224719	human
749593849	human
19368233	human
2223969871	human
1073409068	human
172229393	human
427791119	human
352883693	human
368766578	human
2349866700	human
296606221	human
443907895	human
321465766	human
707697690	human
1301940242	human
95463236	human
217502590	human
33950491	human
110118205	human
330896147	human
599736873	human
1579380864	human
512918460	human
2168701743	human
345735870	human
3130618992	human
202431280	human
2768602538	human
2268198534	human
34308947	human
410165126	human
2193434506	human
294078783	human
176688197	human
1715241043	human
21671968	human
315478329	human
311835878	human
407770732	human
29552151	human
211397444	human
3054738993	human
948824810	human
548938182	human
296465140	human
333722906	human
2166124159	human
294562734	human
1021352646	human
114910555	human
306548180	human
910519015	human
147900782	human
303484324	human
106787019	human
571300130	human
571602303	human
576967621	human
317296274	human
621429721	human
1560481692	human
1027713949	human
148061189	human
149512577	human
704048113	human
391796089	human
2762444463	human
32688131	human
2245115129	human
2877567647	human
2387366902	human
169035707	human
322865349	human
96319587	human
83285256	human
2220325358	human
288923751	human
1144331803	human
1152779738	human
243819894	human
2376957437	human
328145177	human
83296294	human
243926487	human
81437114	human
1307962584	human
248827763	human
2499922645	human
2166840403	human
1095345769	human
324487766	human
2514604339	human
116537112	human
839486461	human
1936513045	human
74785094	human
30146653	human
236809977	human
220450406	human
17520304	human
52660118	human
1289744306	human
2402142792	human
142074569	human
1340696474	human
201113766	human
40831469	human
175108392	human
2543328276	human
482865517	human
141977425	human
2456001787	human
272264836	human
349152819	human
58649802	human
531007524	human
2955767954	human
2595828119	human
2994985944	human
93821152	human
1616084173	human
595827319	human
68915174	human
387026133	human
2891962836	human
1082033923	human
53389180	human
1890978697	human
1260499758	human
17455999	human
709885621	human
291570117	human
33696967	human
2562161460	human
1413677126	human
1712224658	human
1321389582	human
358976197	human
47479923	human
524809586	human
28758925	human
18192239	human
400896343	human
756433608	human
32289927	human
2856367704	human
804830348	human
2207144936	human
135192904	human
85677419	human
1543392469	human
1607411708	human
35551388	human
393480403	human
2738679910	human
162018954	human
532840492	human
541506684	human
299990409	human
122205252	human
2832903374	human
127895572	human
2670730536	human
2549701596	human
753906162	human
593100391	human
1269622489	human
22951310	human
29396889	human
284102132	human
481505805	human
708035550	human
2983371691	human
348885670	human
123209387	human
1671101821	human
1465100186	human
1729686344	human
51625730	human
865789586	human
33411297	human
2850494395	human
1392517694	human
452817554	human
823241647	human
1411660735	human
361943550	human
2595110809	human
263920631	human
261781756	human
45627569	human
1104076022	human
1065027181	human
594142749	human
86235989	human
245812733	human
486111271	human
27244453	human
86805382	human
26683817	human
2482076730	human
18510639	human
102895387	human
2323069159	human
24197313	human
412754103	human
424328175	human
2941279177	human
2218308561	human
603047832	human
28757342	human
222617763	human
40897354	human
333078665	human
1114707913	human
53308462	human
568388087	human
2334997532	human
2193685661	human
335080461	human
128266623	human
2971533842	human
1527066073	human
363991245	human
21714748	human
152077459	human
636764655	human
58983782	human
545516275	human
33726503	human
32628646	human
91823642	human
51465730	human
969199590	human
270752804	human
2290521421	human
433559911	human
146252687	human
2398614422	human
913855980	human
375871540	human
297808691	human
27014940	human
363309757	human
2169418620	human
167099444	human
23413533	human
624223536	human
2287761206	human
546074374	human
612832024	human
252595286	human
159691975	human
216112755	human
574566147	human
898427606	human
455802121	human
405970201	human
392963387	human
1370908110	human
27493957	human
1535051239	human
1690030831	human
882866095	human
2425786212	human
1408968848	human
573246139	human
2265815350	human
315458934	human
104960620	human
1347167636	human
2290332602	human
50252197	human
1136566969	human
2987929881	human
1715023975	human
2505586309	human
143405692	human
636709756	human
2240095033	human
375777649	human
1539759007	human
1689315170	human
282616462	human
2433146611	human
21253156	human
624058980	human
2408175668	human
366407174	human
1648972316	human
2460935354	human
472301455	human
2927086706	human
1403795054	human
422839809	human
2937792273	human
70557274	human
85826876	human
392385320	human
343749080	human
182276961	human
413056775	human
1392978859	human
14982885	human
98596642	human
243060684	human
1321364888	human
35942782	human
281711633	human
1232534634	human
36874110	human
78967328	human
339444631	human
221187678	human
49691940	human
1069354226	human
1116301764	human
446905532	human
430979463	human
2285711065	human
14307043	human
604176461	human
1200888036	human
430588488	human
2156476916	human
15888676	human
2680793168	human
156751025	human
2157979582	human
1321733300	human
391650964	human
1654056680	human
1646872513	human
2717096415	human
536234966	human
797268164	human
539977804	human
291594394	human
101098094	human
233444535	human
520328342	human
2594420244	human
887026338	human
2719640706	human
2911861962	human
66789784	human
495020496	human
1476770959	human
316120129	human
183765902	human
477542555	human
3042681007	human
232678324	human
619201618	human
1637563074	human
1381970808	human
2374759993	human
2238512887	human
428421268	human
2956613720	human
2157249587	human
19478719	human
58292961	human
251905557	human
1161256308	human
3084357732	human
186978312	human
546096491	human
1433206302	human
99716926	human
2907385266	human
332829606	human
2174730115	human
3888491	human
3037199234	human
599745022	human
219404734	human
1023331706	human
625400643	human
215533065	human
85067793	human
14235705	human
108701807	human
429789520	human
60278487	human
83390456	human
564336147	human
242205664	human
1478592602	human
3054142278	human
300374583	human
1041326394	human
2596834903	human
3116708222	human
65984518	human
128111467	human
241157629	human
726729494	human
707660496	human
77558505	human
369285103	human
2596494170	human
208200663	human
541711129	human
3087465981	human
251633570	human
42401379	human
456150594	human
25693756	human
352944559	human
901659314	human
140717029	human
555411470	human
2250794221	human
571579758	human
426334161	human
213261669	human
28340717	human
85841150	human
811928833	human
256256185	human
21281949	human
455950099	human
2510903360	human
2347768868	human
46961288	human
1736045779	human
57376225	human
120705454	human
407225208	human
2158122428	human
1167773802	human
3037256261	human
97484136	human
1082117736	human
1478531461	human
30750923	human
559486409	human
188961582	human
317273582	human
1083991861	human
40502358	human
954799494	human
139250696	human
1672205587	human
2555419261	human
35941580	human
274285556	human
1620466530	human
2668485740	human
18463828	human
309132692	human
1343220962	human
40812882	human
2484023400	human
481994964	human
760936026	human
63986474	human
541142436	human
29867936	human
289732005	human
554242271	human
141223622	human
999662546	human
2994255158	human
3069153899	human
2886779494	human
93127862	human
14791386	human
253339095	human
1723943414	human
50357236	human
2377001464	human
1016015984	human
57591732	human
343120924	human
108135829	human
81186711	human
2840265139	human
221898604	human
1182170533	human
247542139	human
17127177	human
169035705	human
20412275	human
25793082	human
101119770	human
2236885646	human
341910065	human
1099915572	human
538794415	human
490712110	human
2881123344	human
14265485	human
82841878	human
1344649519	human
55645968	human
286252274	human
2739198699	human
412867492	human
2182527116	human
324540065	human
24295753	human
1419394196	human
22207145	human
1580923315	human
276716600	human
2547392351	human
2411423599	human
38788028	human
231211273	human
2342765528	human
61099098	human
2924491016	human
202355526	human
317316490	human
556585952	human
289311242	human
96949557	human
147528665	human
143282538	human
322427517	human
2751215943	human
1675170325	human
52993590	human
24255637	human
170923442	human
397456840	human
241106682	human
332630514	human
405166123	human
407393059	human
483204176	human
375202148	human
306963108	human
147453955	human
246418381	human
1038481676	human
198656514	human
175553932	human
2485239744	human
2958717386	human
2855490757	human
2560481616	human
141883652	human
82869657	human
969049261	human
2752242934	human
245133290	human
222374256	human
332447134	human
359572064	human
243006068	human
62739096	human
378228984	human
574527335	human
104213670	human
2192767087	human
40247721	human
277363046	human
2266004940	human
461581109	human
2837521193	human
1109943607	human
290054590	human
604904469	human
368834865	human
126967628	human
337602566	human
605838742	human
21425831	human
230081713	human
43015189	human
317504975	human
2177075531	human
26135125	human
3021545411	human
192101699	human
1388623428	human
345901028	human
149245813	human
19406030	human
249745453	human
158169328	human
1368782322	human
269193431	human
308119946	human
2977684228	human
88101280	human
240561724	human
343432669	human
191365906	human
3019910341	human
466762451	human
360270369	human
169880327	human
54216535	human
120562410	human
442443737	human
1919094559	human
529296936	human
1514794812	human
887281	human
2375961632	human
2894191999	human
102589750	human
578423244	human
346722822	human
2157440777	human
296118251	human
1258379012	human
593012958	human
351082052	human
83585169	human
2987328444	human
49446305	human
1424254694	human
22020084	human
567764993	human
754659732	human
1669189561	human
2524484877	human
1813221	human
199196176	human
100678199	human
600867440	human
465280740	human
266853959	human
415835711	human
2719490720	human
331917385	human
178629201	human
236180754	human
1065256472	human
2166704005	human
1658187564	human
2823645935	human
493747804	human
135176594	human
69124342	human
715457424	human
2364038797	human
3073742769	human
535206680	human
505433014	human
20197815	human
743585150	human
623599125	human
40779066	human
27623289	human
416678815	human
189795889	human
2760644556	human
2807953832	human
3008769098	human
24816799	human
391142014	human
186240101	human
124063096	human
973118684	human
105825351	human
799379688	human
128143965	human
121080165	human
140356430	human
260192279	human
377770205	human
465119611	human
3007221672	human
215777333	human
571771309	human
832472995	human
381435936	human
490044117	human
119670279	human
701708133	human
1079474076	human
374686451	human
497557514	human
96352997	human
3045548305	human
2492431176	human
385121466	human
38433789	human
394990669	human
1279603333	human
2887519809	human
1897403821	human
2969210974	human
3071424482	human
759715687	human
464841709	human
24663107	human
1484793769	human
43761179	human
103954508	human
2409687396	human
224109135	human
429417419	human
574959037	human
2326631202	human
472680358	human
238594254	human
1930770414	human
338151653	human
2236789484	human
515162435	human
3156622237	human
2944222850	human
549416195	human
178165647	human
423893707	human
107532977	human
35248593	human
248514658	human
290925883	human
786095406	human
2343128508	human
163523407	human
2726879335	human
159209237	human
338055297	human
413568215	human
703103822	human
259139318	human
2180236966	human
602628071	human
2388698077	human
46331521	human
15321243	human
441497987	human
2444804780	human
522769833	human
22755015	human
989957600	human
427733260	human
3008312718	human
489042575	human
601689477	human
2570158173	human
2314131617	human
1735191102	human
513517863	human
293548550	human
138153345	human
175730507	human
420286278	human
1448024869	human
369540172	human
28298712	human
2965356525	human
741430021	human
2955939538	human
499737312	human
406826769	human
1486885212	human
406814679	human
979778874	human
626214967	human
82861813	human
548855295	human
31485644	human
783425629	human
17749741	human
2894287633	human
258201974	human
3044923343	human
446546808	human
1647981619	human
2990973880	human
242850274	human
621379439	human
206570295	human
2150667102	human
183511605	human
2854036705	human
409477898	human
298816641	human
333369123	human
900906391	human
3023729952	human
9605632	human
372589032	human
364271755	human
2324541288	human
1064224524	human
48460955	human
2539215060	human
842433025	human
83479877	human
1916380340	human
408114155	human
2785051165	human
464728189	human
323327904	human
99494968	human
231225050	human
74602378	human
17889654	human
275325886	human
1358444779	human
448568830	human
36234951	human
101782663	human
22437649	human
2783924411	human
2711204644	human
631835073	human
2162414595	human
409624188	human
16957615	human
372841412	human
329285009	human
355830456	human
535959372	human
126253754	human
2546760463	human
1202825384	human
233032914	human
17078096	human
379972176	human
18046941	human
1320794574	human
1241381473	human
865385304	human
349796717	human
708675441	human
157900625	human
47291639	human
325407627	human
122185782	human
1148751751	human
164983683	human
152742559	human
151969817	human
3014424879	human
364275391	human
300442252	human
48928145	human
69023395	human
360135769	human
545443019	human
382091413	human
952729381	human
1419791899	human
609710517	human
116356889	human
2905689080	human
27611640	human
3035191778	human
105194117	human
2420671208	human
2218471903	human
588325943	human
164380206	human
373078372	human
26022358	human
505119515	human
2556806512	human
1021644026	human
23749423	human
175048691	human
157959714	human
19759124	human
209439268	human
505959713	human
474784082	human
2903105255	human
93499764	human
2292961440	human
1098069500	human
364732824	human
382624095	human
323645838	human
583341504	human
485265056	human
2577885343	human
2462247966	human
155097464	human
1093647505	human
382277476	human
21026345	human
702032586	human
1540042063	human
435525360	human
25965427	human
715713548	human
465757438	human
362675330	human
24164443	human
60811341	human
889621423	human
2906440417	human
2995201671	human
2647632340	human
2782020204	human
537518144	human
153162975	human
2365719643	human
556451163	human
727779264	human
568841497	human
311262395	human
169476725	human
2150448842	human
58134552	human
587491046	human
725451396	human
241348252	human
1598985114	human
1494933882	human
92855492	human
27119540	human
355393230	human
482179475	human
341409781	human
42173055	human
826579765	human
2160196098	human
136173007	human
438955880	human
792459126	human
150993495	human
973526449	human
3089696867	human
2842348640	human
398070178	human
253477677	human
493739792	human
1102593332	human
406332336	human
2741318910	human
439704967	human
713267078	human
1098207530	human
1244458130	human
1929149538	human
71074298	human
1587171373	human
459937526	human
64254224	human
105158846	human
1573156616	human
1088449490	human
6834152	human
264744377	human
1855455756	human
21074492	human
324351388	human
3006132699	human
2825955758	human
619384294	human
2861193773	human
303899090	human
232804792	human
46751718	human
237378862	human
18441380	human
48213787	human
890089172	human
213809707	human
2949608924	human
864175890	human
571446535	human
470696070	human
345505380	human
88243642	human
578716380	human
617872589	human
3067452169	human
2471671369	human
81959485	human
2693860771	human
307161588	human
601314975	human
55752571	human
512155932	human
2199062688	human
2925758952	human
2373660215	human
32682158	human
420915061	human
400264347	human
40241204	human
826381566	human
625846473	human
1497748189	human
307738071	human
405167133	human
2884619608	human
2574860244	human
198270955	human
161547148	human
2184985344	human
45598301	human
706947397	human
2484688494	human
21345227	human
1171310826	human
328109427	human
2266954628	human
28433521	human
3102456115	human
59104830	human
309564645	human
2790601415	human
733923254	human
2382595122	human
297449289	human
3018833249	human
1862854957	human
2953622813	human
392792633	human
839780275	human
517686267	human
3008527726	human
292913844	human
59770627	human
765938719	human
158821864	human
1487214566	human
1961432316	human
21388359	human
246568420	human
2251504327	human
44193456	human
32255772	human
705091824	human
977387497	human
381715808	human
125300190	human
3159993463	human
986137579	human
240167062	human
707309749	human
12922462	human
2952182278	human
2963934241	human
2523776705	human
68993180	human
41242157	human
2435927136	human
170217521	human
214678407	human
633487271	human
1018910047	human
188095917	human
1167654380	human
44690137	human
633244008	human
2936733162	human
338141714	human
188615999	human
631551777	human
152194153	human
3064024502	human
18997161	human
20114963	human
2385954293	human
21238673	human
338558835	human
174430412	human
399704801	human
619528467	human
1676639478	human
387345665	human
344101300	human
634132438	human
82017721	human
141456533	human
1649895942	human
1944374017	human
935670277	human
3061549116	human
29710654	human
67529607	human
2730458366	human
43168457	human
427142258	human
308236961	human
2288867162	human
287710138	human
2182611791	human
443921251	human
436290312	human
1950803306	human
1655718626	human
406524900	human
2324994222	human
938591077	human
2988192829	human
540183618	human
379406653	human
1053161654	human
2793337203	human
2912553260	human
1622903894	human
737521098	human
370263238	human
237660270	human
2483152884	human
2793173572	human
2662897087	human
288255849	human
1100359458	human
379472749	human
2291374914	human
1933402110	human
2593282854	human
2473194049	human
2578194194	human
209459007	human
2225775155	human
848583559	human
14851579	human
1664307984	human
186940042	human
716455623	human
563154848	human
2615998837	human
357947223	human
325974029	human
427130304	human
1576039274	human
144774872	human
2658726517	human
185322197	human
276078091	human
732621438	human
20467948	human
579379834	human
1607335778	human
1252098630	human
19190434	human
528891726	human
1238285838	human
1578638418	human
2482378631	human
2363692152	human
1155668964	human
1967103792	human
126550479	human
1377138666	human
396166599	human
401032062	human
2774497975	human
261706356	human
130705183	human
125584035	human
267708547	human
44660556	human
1533004801	human
2260634148	human
1275604747	human
58450507	human
3037160539	human
2408316429	human
2886020913	human
516669107	human
131756896	human
14626600	human
413605766	human
2187570536	human
16945428	human
2995056686	human
351621566	human
542451912	human
2747460026	human
2235020041	human
932014148	human
215545290	human
2230659451	human
54125633	human
321370989	human
389420114	human
2275838882	human
25759948	human
2433591068	human
2495558156	human
2181612314	human
63195881	human
29745877	human
146532407	human
69310149	human
67900288	human
14418605	human
637078645	human
43289403	human
1048132836	human
282464049	human
128014272	human
2872359762	human
2733873854	human
1403557327	human
1394115517	human
15871870	human
1355537995	human
1279160827	human
2402411230	human
2457848317	human
306866704	human
2579534268	human
1656192235	human
855966678	human
2662011020	human
711316272	human
1566113330	human
86303760	human
985355946	human
2178643974	human
115785153	human
269513111	human
175251304	human
1902706704	human
1973718595	human
1375854145	human
978061147	human
534863518	human
387957169	human
14739109	human
15809964	human
45689818	human
335821350	human
2312903347	human
751737240	human
15097876	human
488351800	human
2949992353	human
41062153	human
100120312	human
489250568	human
2969720312	human
259586390	human
824478204	human
2838284628	human
46546834	human
2949559526	human
152644666	human
581063737	human
149587895	human
2709334834	human
16459227	human
861885128	human
30089873	human
100043740	human
1978360040	human
2733227221	human
17436585	human
1320810841	human
589910604	human
2917041211	human
11690822	human
360103083	human
383684750	human
2933515420	human
1378532629	human
353838344	human
2459139950	human
28605490	human
2467442030	human
496454090	human
60466160	human
50606582	human
174935239	human
3023728826	human
1335843954	human
186749576	human
1604160445	human
301385617	human
535537105	human
215443582	human
126921664	human
2572457298	human
53414756	human
150427831	human
1901069808	human
406817411	human
3083276729	human
216764338	human
2863376295	human
60295206	human
2589659833	human
1066996903	human
867362504	human
2814084987	human
2283613500	human
2359388502	human
200114373	human
125588500	human
1967918335	human
485873421	human
876150199	human
618739366	human
3041232600	human
2717999764	human
95114532	human
165952010	human
2273502326	human
1613091608	human
1978992043	human
2379302060	human
18313402	human
261200361	human
384467809	human
1548116401	human
1716457568	human
394475545	human
327248460	human
1576577995	human
1327412370	human
169157567	human
1306528686	human
156507082	human
20455924	human
541515522	human
1888349131	human
54823083	human
456566531	human
2294724187	human
97451169	human
143409569	human
1269835369	human
225281874	human
494687529	human
71762592	human
281685368	human
1143583040	human
264916005	human
2295289836	human
42207885	human
3010557793	human
2244691130	human
2256345201	human
2812981237	human
2316340358	human
15044720	human
2765167353	human
3027734638	human
39220893	human
254427395	human
2323690855	human
95754584	human
3024204858	human
85203320	human
87334609	human
2318172799	human
566807971	human
448547670	human
2739587275	human
335762338	human
634186396	human
1126650913	human
39260049	human
609166669	human
480748987	human
890331415	human
614770385	human
731955936	human
630467723	human
2478853586	human
365257073	human
382920162	human
887636821	human
22638250	human
1307298884	human
29293281	human
170166775	human
306934818	human
351277773	human
357897494	human
54666401	human
32148675	human
2276634303	human
620404975	human
18273041	human
750002538	human
1925081953	human
319058754	human
792301770	human
1361191681	human
396389071	human
476626399	human
23125871	human
2954324322	human
2476205954	human
969577423	human
3027846710	human
2477931252	human
44526814	human
873348012	human
380103223	human
144780803	human
2482903400	human
68566691	human
2187391320	human
8711952	human
2756700976	human
148404674	human
18473173	human
23396217	human
1267147380	human
268101774	human
132897398	human
1862083502	human
192114883	human
551846148	human
77954126	human
1641056737	human
383744021	human
3118659848	human
382481131	human
627054366	human
1726804830	human
14558848	human
1912438170	human
249496407	human
818751600	human
376821900	human
832148293	human
74707817	human
392330341	human
84224606	human
1664238487	human
14300066	human
125853306	human
243452188	human
806585	human
2739111941	human
408707585	human
18378944	human
192521333	human
592043234	human
21289751	human
2630889296	human
586169941	human
250019502	human
67367320	human
16180264	human
2414685276	human
197323804	human
347636665	human
714301764	human
1534616766	human
279301234	human
2898329024	human
135640383	human
2807614563	human
3019544798	human
2912738448	human
3097152168	human
151855545	human
251518992	human
3007416344	human
261762296	human
947495665	human
231721237	human
1730251326	human
2320291898	human
215668563	human
2756014000	human
1132672532	human
1908684955	human
2450759503	human
807804577	human
727580406	human
108544977	human
583127247	human
1262434507	human
475550183	human
2943587680	human
14522589	human
1012237538	human
451417227	human
84464758	human
40108440	human
2989316931	human
997997443	human
3070794500	human
283036840	human
140138671	human
438362574	human
164284493	human
67530757	human
256051523	human
2669288630	human
1199714941	human
36559020	human
2903774120	human
521039918	human
241375986	human
1306882627	human
182211050	human
225618739	human
24984561	human
980194370	human
37200902	human
258754118	human
23567222	human
1167508879	human
491706663	human
384049728	human
560990422	human
1199767694	human
53375745	human
970920062	human
487251929	human
2846002106	human
853279890	human
2841340464	human
401575582	human
98225491	human
103438595	human
2286244303	human
423666184	human
991128044	human
29062641	human
1963501656	human
1116630582	human
379444527	human
48726258	human
1965238770	human
2368935961	human
2568104706	human
2640471185	human
67314915	human
226773156	human
30147416	human
44306351	human
2540601979	human
560480786	human
598686645	human
3101626597	human
93629172	human
428278225	human
1657329912	human
399489631	human
2429723097	human
1203185605	human
192499649	human
2316260946	human
293359929	human
11174562	human
264174172	human
42002841	human
447309305	human
114370111	human
1518279440	human
317999553	human
1408624424	human
1567476296	human
634641130	human
2719281767	human
313928644	human
508397359	human
563781857	human
2908618777	human
544758247	human
172207449	human
160139625	human
101704239	human
19254862	human
604582383	human
3013481653	human
129966627	human
19600027	human
255792707	human
481913106	human
169489617	human
596665611	human
211449302	human
234655327	human
2505222079	human
74687897	human
1115932554	human
22652455	human
1061289924	human
1523609978	human
387910538	human
31307539	human
11086752	human
2800412189	human
816352328	human
41216470	human
2735506782	human
321649661	human
438471171	human
270646246	human
720850946	human
208691905	human
2682782132	human
2897127823	human
19752959	human
621615487	human
212634789	human
595387862	human
2725164703	human
2269218732	human
18065895	human
772157005	human
102934444	human
2331598592	human
26152572	human
1144070936	human
23498472	human
312299420	human
2533933819	human
2567206992	human
1057015448	human
2445845880	human
2263479907	human
1585408250	human
1886647662	human
1421737704	human
361930545	human
1547325224	human
2167115233	human
2275686336	human
538783005	human
25711830	human
1385409996	human
25085431	human
854710872	human
2943103386	human
797250055	human
2725087704	human
176387861	human
2353354449	human
1323524694	human
152165747	human
109577056	human
55469952	human
55755826	human
573221967	human
2210092394	human
857270408	human
211564378	human
612924270	human
634906665	human
3146523464	human
58965654	human
402401015	human
23026561	human
60266520	human
8657052	human
17284137	human
1329359454	human
2269483532	human
545079947	human
2665397285	human
520499857	human
512028125	human
2942835475	human
1953036482	human
1442637312	human
175335285	human
140288349	human
551611541	human
1320009336	human
2957667296	human
150873009	human
79057935	human
353176266	human
28588774	human
1107518088	human
134172658	human
2211561347	human
2272589820	human
743585972	human
2407501640	human
210789285	human
2334889399	human
220602388	human
5856182	human
1461381691	human
2732060316	human
14962822	human
602691923	human
952059704	human
337969081	human
3013763124	human
127109283	human
2827521307	human
2522330416	human
1295592296	human
303230515	human
1413053256	human
61415912	human
64050052	human
66050763	human
132348922	human
135805452	human
255912008	human
2469290820	human
195188594	human
709681854	human
156049671	human
378212352	human
284859729	human
22812325	human
454540684	human
14573824	human
45859110	human
882612318	human
2481200448	human
48357793	human
331418316	human
2629722555	human
14391096	human
2642655806	human
2185613491	human
1587069900	human
38077486	human
2700210578	human
277506943	human
302841108	human
52385172	human
119702452	human
382089157	human
2837440844	human
2348969828	human
85058609	human
2237387860	human
767682734	human
1096555944	human
2851948027	human
78740551	human
770877740	human
1290222685	human
198700618	human
33091144	human
345604332	human
414636996	human
755116	human
50901303	human
3117127911	human
2548562407	human
2292414091	human
378376315	human
713834868	human
144976887	human
395041407	human
386241819	human
7004532	human
923204785	human
549549339	human
2422325948	human
2487831288	human
290436672	human
2920067870	human
180917373	human
105985931	human
325700101	human
1192626410	human
678033	human
116324299	human
708484592	human
2859962410	human
2871221026	human
1490237024	human
335080094	human
164940888	human
326845068	human
332238901	human
24725275	human
709942544	human
2339482580	human
599895538	human
635624617	human
351668219	human
446034277	human
104491100	human
2724791731	human
67849262	human
2604530259	human
1051543620	human
23388629	human
2265546086	human
2536750700	human
274148412	human
2773889297	human
217433376	human
573300206	human
2151409268	human
813285210	human
718590512	human
15324749	human
1445007420	human
2285966798	human
376585827	human
24386710	human
385226809	human
93880467	human
203408017	human
21634018	human
2532019062	human
3154356636	human
423502824	human
453052223	human
554023026	human
1534422504	human
1966433113	human
152774141	human
374958505	human
406828178	human
2527442282	human
121683806	human
1461336158	human
119340060	human
89699349	human
966378990	human
888937309	human
55431252	human
191348890	human
2246800628	human
50683007	human
313789678	human
449613360	human
1343441293	human
2585393083	human
1583243996	human
15833054	human
147630373	human
1270220785	human
136799314	human
81393070	human
1268970468	human
192378109	human
1031984306	human
367670418	human
233783035	human
763086512	human
21127172	human
2988136898	human
3033627449	human
231957917	human
2830356956	human
413655972	human
1445605818	human
15448383	human
563067334	human
1021608776	human
151289371	human
2967176515	human
58789772	human
2925459516	human
767012412	human
200048272	human
76197665	human
28140565	human
1579195092	human
565337747	human
174256925	human
444230710	human
455105031	human
381442087	human
376588311	human
444005925	human
16408909	human
2748423234	human
332812639	human
557270190	human
344384823	human
985286364	human
1680440839	human
566099034	human
31393396	human
520178852	human
1329916243	human
1475800022	human
1128650791	human
2597219690	human
324020939	human
2810008564	human
2744811814	human
774665468	human
483620211	human
2321395147	human
2392538984	human
2394896371	human
2478604735	human
73689335	human
343390796	human
23571734	human
215876019	human
2951178467	human
310674897	human
2293511256	human
1926394171	human
2990948929	human
349485739	human
557639325	human
479908486	human
415482571	human
971629717	human
881425310	human
371832097	human
412767501	human
2229081645	human
183760147	human
109514123	human
121905658	human
268745865	human
1046762064	human
14196068	human
159491433	human
1972385126	human
2909662555	human
1935516248	human
318703449	human
386541691	human
332214689	human
391112740	human
48806695	human
80546103	human
631912248	human
1021811083	human
450860458	human
2534780916	human
536684415	human
169779207	human
80988429	human
2873556037	human
129013638	human
25184645	human
22173597	human
16527716	human
34160482	human
23871022	human
291979854	human
18459813	human
3025187399	human
156162429	human
2914705158	human
264593584	human
277012671	human
284320970	human
2230646856	human
1624512505	human
31290927	human
14716324	human
3018133003	human
2536663076	human
468369974	human
264538100	human
1692540942	human
323992737	human
2593793134	human
1888522045	human
39232035	human
4121091	human
29536164	human
379121297	human
17557537	human
2470063430	human
185165914	human
29485766	human
1426860613	human
176469051	human
3018528922	human
2458579004	human
2679802405	human
483910950	human
145583439	human
1365254774	human
1382561	human
581076810	human
634907775	human
1132139449	human
86878205	human
3016254728	human
438028155	human
1214857692	human
265123754	human
2612731549	human
945700081	human
881373834	human
349612774	human
40820526	human
2728477495	human
1029836556	human
417335653	human
2562324529	human
1645989175	human
2963287552	human
308554579	human
1963049964	human
851327798	human
2273691318	human
1051181264	human
1041021962	human
95129903	human
2423280210	human
518047763	human
450341350	human
198571569	human
13381912	human
1297400558	human
298752527	human
2808620294	human
2642928863	human
83377628	human
2234967314	human
559351369	human
2982524516	human
891098136	human
66949187	human
2191484615	human
339272938	human
10866252	human
141528557	human
42772007	human
2371328420	human
704555046	human
2978113041	human
26970502	human
39720245	human
11417372	human
274313947	human
43573115	human
2770265184	human
1977477584	human
2381253750	human
15279707	human
1394692622	human
2599346388	human
199562994	human
1658247169	human
185738361	human
1329806942	human
27762544	human
250645562	human
240362521	human
2892945726	human
1659545353	human
63297174	human
300469776	human
2958170567	human
2728674072	human
18603088	human
2973235579	human
291477346	human
876638474	human
56914669	human
14721932	human
317430721	human
296805951	human
3004254638	human
197679939	human
51381838	human
294996484	human
2634353643	human
2267842723	human
215179426	human
38199599	human
184475850	human
2904858613	human
38254693	human
91941346	human
1624666039	human
2317290118	human
380003598	human
1882244610	human
2903061989	human
3008039238	human
49007031	human
91101811	human
1051925516	human
324242659	human
701942407	human
2367917076	human
24104971	human
1093264681	human
2469738596	human
2996356560	human
24801407	human
27582887	human
22126409	human
2956033111	human
72196532	human
554002998	human
17332562	human
470394724	human
88515231	human
75506408	human
110857330	human
1552210417	human
2912697002	human
405281604	human
1138359668	human
2172356485	human
1124364168	human
238665139	human
1297673149	human
67775431	human
110087402	human
2645505073	human
256741082	human
1921565318	human
30759478	human
28687359	human
2237494153	human
14905688	human
885738751	human
615237160	human
5445622	human
870952818	human
540207013	human
206532639	human
20219315	human
118386377	human
273185036	human
2409935663	human
82715141	human
227055399	human
2645323951	human
71978714	human
1662017995	human
354206693	human
80976396	human
1424291036	human
36080377	human
468066235	human
41825429	human
319848813	human
2780399189	human
516091870	human
797282894	human
398297815	human
401095177	human
415062609	human
2540542206	human
715489820	human
796614044	human
2973161031	human
18917949	human
413588365	human
1175296033	human
1446131569	human
391792169	human
859566270	human
1678138165	human
3015346510	human
17523808	human
466825950	human
36174874	human
2585969946	human
1662566360	human
96535088	human
46683993	human
2974416979	human
2545139917	human
522559673	human
15595027	human
183247631	human
389423471	human
27679500	human
378396759	human
992557464	human
377287901	human
579805979	human
19171028	human
2938828179	human
15927815	human
57791793	human
48515636	human
704248286	human
374935732	human
369869099	human
2886504237	human
87041753	human
3080168171	human
1552229736	human
434269508	human
2192700734	human
16496132	human
1023411036	human
751950187	human
1895160985	human
735779108	human
566576689	human
33621311	human
14969657	human
840460058	human
309461019	human
2864310303	human
58394645	human
2310860028	human
307710043	human
1689431460	human
595584728	human
812919140	human
965320657	human
51746937	human
839648852	human
26967415	human
17608721	human
268315167	human
393792392	human
621808223	human
45550569	human
2367193466	human
54316606	human
928613839	human
1719992982	human
27327680	human
157683018	human
2349578599	human
12623352	human
610956863	human
108924595	human
1939977158	human
108197365	human
276768643	human
3054753656	human
2430765828	human
13126372	human
484688843	human
1509307722	human
562035970	human
33894397	human
1373257760	human
2571493866	human
68375375	human
34116023	human
460232733	human
219437657	human
2397197478	human
727975226	human
3005062355	human
2781321025	human
282727874	human
17671779	human
26061230	human
616973273	human
17949945	human
496673471	human
171691600	human
337287569	human
16649872	human
611635572	human
41950305	human
193181766	human
2211927324	human
1191506041	human
27292659	human
270710696	human
2187658866	human
263842646	human
293953135	human
17718315	human
127686814	human
42339113	human
68079069	human
2613161077	human
95748016	human
2732654865	human
1165440415	human
2900215557	human
491673056	human
1352809994	human
40368888	human
13971722	human
115576089	human
2909148202	human
486172124	human
276234513	human
1683489438	human
119235283	human
30966358	human
134854495	human
48008292	human
1894751762	human
6296742	human
153439655	human
16142914	human
137666026	human
63830658	human
2275376744	human
274917389	human
346094809	human
2263565293	human
466187896	human
27746415	human
166046142	human
16109017	human
192370109	human
161634919	human
1650551064	human
130862744	human
381602776	human
1450717308	human
21622362	human
2329807592	human
82523340	human
128909018	human
1567482860	human
17890482	human
70142270	human
806975	human
2754428226	human
278866572	human
48587561	human
2213330096	human
1894144616	human
2190783811	human
52314977	human
91752355	human
17242852	human
358748061	human
125950650	human
710518321	human
1005131857	human
2881579295	human
148022818	human
112850038	human
268381386	human
2568431617	human
552147716	human
62488487	human
107821380	human
2352634238	human
34742971	human
67044273	human
49240687	human
933709428	human
50684694	human
14980820	human
956387852	human
104322119	human
2265352238	human
84302853	human
834585751	human
181896104	human
30429133	human
2484835231	human
354010930	human
49821514	human
361417698	human
2347555622	human
38904230	human
321162905	human
2885778932	human
850152661	human
1117124389	human
1319382349	human
219379279	human
1418869278	human
2675560628	human
2307118248	human
378028393	human
287582301	human
2975968796	human
167848621	human
22600734	human
429647166	human
28414223	human
345318456	human
398789568	human
157809852	human
1484608740	human
2498346724	human
576821141	human
378331017	human
41171426	human
1770131138	human
2300612154	human
258887314	human
587826392	human
2237769752	human
101249734	human
3024461758	human
72266911	human
101116311	human
239565588	human
603962983	human
1425600583	human
3073377942	human
8548002	human
382041179	human
2175037701	human
1324796791	human
107927301	human
128058566	human
566109750	human
125541841	human
400939896	human
2866094821	human
1265349745	human
2351779201	human
2917922532	human
22278466	human
2320619815	human
243889998	human
48292264	human
554193148	human
2957860783	human
2417401095	human
78271006	human
118509283	human
1342734066	human
14807739	human
765917083	human
135580279	human
3158349782	human
1282000328	human
3161171948	human
42434209	human
19557634	human
3071304830	human
1732923944	human
293743791	human
497521332	human
2784353065	human
456426689	human
2675983039	human
593724411	human
2431552699	human
72704399	human
36174865	human
42642152	human
581866430	human
1220963168	human
926785916	human
64174539	human
14290542	human
3092750592	human
1497216728	human
20139449	human
2286596570	human
15367428	human
2856856405	human
468563131	human
203036898	human
2573468022	human
301159074	human
186855547	human
245578395	human
604400674	human
118620257	human
26621229	human
2408265245	human
400412116	human
2198399148	human
52220699	human
1925580938	human
1009276267	human
496168830	human
2469581288	human
72314098	human
14824425	human
50737284	human
2903573049	human
2235431615	human
572969576	human
152232092	human
16257044	human
2273619215	human
405390450	human
3031860812	human
474513196	human
1964599820	human
2950734967	human
338765440	human
718902926	human
2787096553	human
2779701453	human
1467888823	human
2360148956	human
319052259	human
549181062	human
352822866	human
232165741	human
2214188491	human
1901595415	human
47740610	human
632239930	human
62455773	human
2973666916	human
503771485	human
15046379	human
19335843	human
304137811	human
188213023	human
53102055	human
2898534259	human
2604252163	human
25578056	human
2601649933	human
420992602	human
158038746	human
134978414	human
2573439865	human
2690589608	human
1377385290	human
2234848961	human
2260257427	human
285442796	human
2558169572	human
20773759	human
120082878	human
2444385224	human
1386890102	human
70386350	human
41463548	human
2465687235	human
72251507	human
2425001424	human
2910412508	human
1036231855	human
1969254588	human
942553597	human
847160485	human
271277112	human
33999110	human
54252876	human
1223669587	human
1537584360	human
597513832	human
16468451	human
2267991852	human
103562230	human
398574599	human
2855415019	human
3123482607	human
43136801	human
2574353410	human
17225810	human
178748878	human
770351910	human
35558229	human
144588260	human
1228015440	human
17261097	human
117343076	human
556604880	human
36966427	human
2456132306	human
2917180058	human
274577874	human
55288629	human
2722021425	human
66177353	human
36897295	human
162663466	human
2405965787	human
574276150	human
1536523513	human
102050811	human
260589544	human
630850008	human
2998982157	human
15682749	human
20640522	human
67826760	human
3069240720	human
2500522076	human
2762247044	human
70797051	human
2697793964	human
47417665	human
753452635	human
9427822	human
146570170	human
1344014430	human
363613274	human
551752143	human
379274779	human
75528474	human
1315840890	human
130424630	human
2372825470	human
66856063	human
31040071	human
2748736419	human
1676579581	human
230732954	human
713884879	human
1123454828	human
91086879	human
19753816	human
2887479128	human
15914878	human
2275755968	human
1012081039	human
2395918790	human
120138281	human
18995476	human
973556936	human
2688868016	human
50688407	human
755746	human
30566308	human
55486822	human
144973093	human
153288354	human
60287101	human
2592104616	human
345197864	human
2268441811	human
566057640	human
241240275	human
394281508	human
50327694	human
1174494985	human
482517693	human
214172784	human
140033231	human
2150270264	human
2294241263	human
1587037303	human
22936398	human
246621170	human
46695342	human
2331545711	human
2337952426	human
378239942	human
198727663	human
1064807875	human
2749027972	human
292074926	human
388052415	human
157982762	human
2651224404	human
1395374546	human
946966350	human
102034928	human
39030312	human
1871678053	human
47463837	human
169492360	human
76128745	human
17372254	human
142578786	human
343176448	human
220934062	human
2567242052	human
735482582	human
17507350	human
269137682	human
10352582	human
85782515	human
205030249	human
1048631647	human
3150545196	human
70836116	human
68406780	human
1085834299	human
769272692	human
260037903	human
612847186	human
17748368	human
2906062124	human
29770248	human
1972903574	human
37060280	human
49191725	human
2752784274	human
29115886	human
1954448478	human
1403928564	human
1911524743	human
195076965	human
1259303688	human
413461232	human
1617515642	human
219845841	human
296178601	human
2385910022	human
62408560	human
143397448	human
514061230	human
16644246	human
551659692	human
2209565230	human
773670450	human
592252867	human
1347951002	human
84482024	human
228599159	human
386333906	human
19620476	human
187262210	human
56477010	human
2304324655	human
557910814	human
402694459	human
3064106563	human
124646986	human
2376714811	human
55769013	human
38679217	human
2644591095	human
12287842	human
636447931	human
396523032	human
1623348722	human
476466052	human
1894350486	human
2473550875	human
267314839	human
954555510	human
2312368014	human
121386907	human
2928010448	human
472562576	human
2923624055	human
1087524055	human
520282672	human
1033953829	human
463556269	human
876297067	human
107719682	human
1705187497	human
2472109537	human
632681284	human
3030129948	human
75941893	human
529668737	human
2354237761	human
2355847777	human
68972661	human
61512067	human
1375713390	human
593274528	human
242746743	human
56215804	human
3093137437	human
2433282997	human
2805643019	human
2384027766	human
2337516668	human
28962012	human
1164265063	human
1603988323	human
170185613	human
3061140416	human
1662025328	human
43507359	human
1563989414	human
407212798	human
605543304	human
1418870142	human
1350382945	human
415007066	human
30240322	human
2911968423	human
512740942	human
2572621399	human
2714844633	human
101233985	human
2436794876	human
1630615782	human
2542039813	human
1816114694	human
345964231	human
2584789352	human
1263018109	human
104465372	human
42127872	human
302428298	human
27785160	human
177963867	human
949874611	human
274173841	human
432074602	human
384195951	human
28063382	human
366081148	human
21356765	human
2953646722	human
1559587477	human
185914183	human
2874745180	human
1605128107	human
2360728478	human
17050665	human
2243540185	human
1170919316	human
1348304756	human
537886787	human
2492386950	human
25258953	human
14764956	human
604961774	human
1331004654	human
48174034	human
15328663	human
2808249208	human
129190421	human
1463789472	human
169325249	human
1672188043	human
2559890568	human
21131225	human
1526070690	human
346768232	human
37794895	human
534542344	human
131273125	human
70336602	human
2451796016	human
1559643193	human
563875863	human
2998397201	human
356241682	human
1724424804	human
2722765441	human
2918891071	human
2263714776	human
60181291	human
1053906362	human
2324053074	human
27570114	human
601401812	human
520977237	human
177455411	human
2290175136	human
1945485462	human
2971276314	human
216305430	human
130869969	human
901875258	human
2243177708	human
888376710	human
90229508	human
40673360	human
1860371966	human
2528822924	human
293853413	human
6775342	human
45186390	human
632685533	human
2544880153	human
216940212	human
177909572	human
2417295295	human
48896966	human
552954961	human
480104212	human
88640630	human
119597866	human
296791685	human
539128249	human
531212295	human
1588473198	human
15318630	human
281403145	human
5820222	human
175418591	human
785080	human
47161971	human
200645756	human
1918781300	human
491630583	human
412982588	human
2877874706	human
1856665320	human
3143250426	human
122047987	human
1040279917	human
14443013	human
523343938	human
2193114259	human
138492664	human
2977476603	human
471572791	human
2572179229	human
187248137	human
149038171	human
2784675022	human
2966827845	human
211087053	human
224276630	human
853893720	human
2711226669	human
2273812328	human
419912338	human
1682290266	human
73667093	human
364100451	human
1284040184	human
1492569428	human
365644240	human
167639858	human
633602151	human
2932316017	human
849335840	human
1871454752	human
257742584	human
318548093	human
2992735788	human
533547779	human
1414080518	human
1315498382	human
2159707566	human
140018040	human
3873101	human
124112471	human
1221296700	human
100933746	human
301845904	human
577502014	human
2837952412	human
161096641	human
36666899	human
1554594109	human
2619891104	human
79168933	human
20849470	human
84536856	human
912328232	human
2406203877	human
1965789655	human
2326385024	human
15084319	human
2793360007	human
1969038289	human
292928265	human
567591601	human
1404817634	human
264077065	human
1069253424	human
2649554102	human
796706299	human
373174563	human
322816704	human
343263643	human
1378581602	human
1941490830	human
86432824	human
3140211968	human
2513067457	human
578727389	human
43831327	human
41779886	human
944283066	human
181191283	human
342527071	human
245152155	human
1368519996	human
612711615	human
2893155055	human
1492049473	human
114016831	human
347709470	human
2918581380	human
599844379	human
2419965872	human
205218909	human
2874966164	human
2980901837	human
121122678	human
2910276853	human16282004	bot
16740486	bot
17132768	bot
18013384	bot
21331733	bot
22316443	bot
23088369	bot
26117307	bot
26743316	bot
43133380	bot
75863742	bot
90421989	bot
101882667	bot
129549447	bot
133834939	bot
157882115	bot
157882740	bot
157883888	bot
157884271	bot
157884661	bot
157899229	bot
157899996	bot
159797667	bot
161256906	bot
161610564	bot
161611407	bot
162035733	bot
162167191	bot
162341083	bot
162390942	bot
162395011	bot
162985186	bot
164250795	bot
164269433	bot
164303126	bot
164560495	bot
165778169	bot
165785902	bot
165790334	bot
166142862	bot
166723169	bot
166727433	bot
166733398	bot
177804013	bot
193056758	bot
194770829	bot
194771761	bot
194773394	bot
194777903	bot
194780405	bot
194782031	bot
195005434	bot
195006541	bot
195013125	bot
195014511	bot
195017418	bot
195018333	bot
195019019	bot
195044343	bot
195045512	bot
195048609	bot
195049424	bot
195051876	bot
195052498	bot
195077198	bot
201425184	bot
212779829	bot
212780866	bot
212835350	bot
212838695	bot
212839724	bot
215663794	bot
215691888	bot
215693377	bot
220097040	bot
220116356	bot
221059805	bot
221066792	bot
221095491	bot
221105822	bot
221141363	bot
221166368	bot
221180534	bot
226535277	bot
237860975	bot
238368354	bot
239630998	bot
239910996	bot
239925128	bot
240467219	bot
241206543	bot
241228977	bot
241233990	bot
241243279	bot
241283599	bot
241300883	bot
241312583	bot
242381339	bot
242400866	bot
242522514	bot
242534704	bot
243282862	bot
243325371	bot
243406600	bot
243707462	bot
243847388	bot
243854506	bot
244156691	bot
244161562	bot
244200947	bot
244202085	bot
244251169	bot
291374082	bot
297008041	bot
297011749	bot
297017716	bot
297021045	bot
297065491	bot
297070204	bot
297072497	bot
297074297	bot
297145972	bot
297548417	bot
297565762	bot
297573634	bot
297613967	bot
297708486	bot
306207069	bot
306460069	bot
306479404	bot
306500607	bot
306505454	bot
306510948	bot
308167725	bot
308357797	bot
310432314	bot
310462159	bot
321527150	bot
325789799	bot
326236752	bot
326290586	bot
326297504	bot
326302120	bot
326308433	bot
326312483	bot
327746321	bot
327747371	bot
327748532	bot
329188437	bot
329904553	bot
330453376	bot
330531182	bot
331082536	bot
331799847	bot
331801034	bot
331801886	bot
331803408	bot
331806614	bot
331807895	bot
331809299	bot
331810629	bot
334160449	bot
334163536	bot
334165672	bot
334167552	bot
334169459	bot
334172394	bot
334260507	bot
334747962	bot
334748859	bot
334750128	bot
334752317	bot
334754360	bot
334824903	bot
334825381	bot
334826160	bot
334826952	bot
335401278	bot
335405859	bot
335409261	bot
336051161	bot
341925732	bot
347491211	bot
347506040	bot
347545578	bot
347551419	bot
347555471	bot
347564054	bot
347579782	bot
347587058	bot
347591349	bot
347595019	bot
348672642	bot
360685545	bot
360741658	bot
360742811	bot
360743310	bot
360743981	bot
360744463	bot
360747829	bot
360748359	bot
367151210	bot
370960192	bot
372233740	bot
393352485	bot
425528043	bot
430175527	bot
456928466	bot
456931751	bot
456934703	bot
456937833	bot
456939896	bot
456990098	bot
456996845	bot
457000046	bot
457002704	bot
457009775	bot
479896389	bot
512405444	bot
512652820	bot
512660045	bot
512759838	bot
512771375	bot
513355459	bot
520803165	bot
520806944	bot
520998731	bot
521066382	bot
521086027	bot
521093819	bot
521099801	bot
521336735	bot
521358579	bot
521370115	bot
521659903	bot
521681059	bot
522334559	bot
522339504	bot
522344056	bot
522348124	bot
522351391	bot
522354942	bot
522416755	bot
522419526	bot
522422439	bot
522574094	bot
522576664	bot
522715107	bot
522717718	bot
522720869	bot
522725796	bot
523349552	bot
523741789	bot
523750491	bot
531129533	bot
531130655	bot
531130708	bot
531130796	bot
531131326	bot
531131801	bot
531132166	bot
531134248	bot
531134291	bot
531134893	bot
531135163	bot
531135194	bot
531135197	bot
531137332	bot
531137422	bot
531137482	bot
531137536	bot
531138997	bot
531139298	bot
531139427	bot
531140317	bot
531140765	bot
531141733	bot
531141808	bot
531141814	bot
531141878	bot
531143012	bot
531143036	bot
531144016	bot
531144071	bot
531144478	bot
531144512	bot
531145445	bot
531146215	bot
531146284	bot
531146452	bot
531146542	bot
531146600	bot
531147808	bot
531147995	bot
531148016	bot
531148316	bot
531148975	bot
531148996	bot
531149713	bot
531150104	bot
531150230	bot
531151249	bot
531151339	bot
531151919	bot
531152071	bot
531152116	bot
531152224	bot
531153134	bot
531153305	bot
531154412	bot
531154466	bot
531155456	bot
531155971	bot
531156028	bot
531156196	bot
531156212	bot
531157201	bot
531157328	bot
531157487	bot
531157556	bot
531158809	bot
531158939	bot
531159913	bot
531160078	bot
531160150	bot
531161755	bot
531163502	bot
531163505	bot
531163613	bot
531164215	bot
531164519	bot
531164561	bot
531165847	bot
531165935	bot
531166864	bot
531167072	bot
531170783	bot
531170807	bot
531171209	bot
531171352	bot
531173578	bot
531177445	bot
531217335	bot
531218181	bot
531218934	bot
531219372	bot
531219678	bot
531223365	bot
531223578	bot
531223809	bot
531226407	bot
531226470	bot
531226485	bot
531226608	bot
531226626	bot
531229047	bot
531230127	bot
531231039	bot
531231183	bot
531234036	bot
531236295	bot
531237360	bot
531237552	bot
531240150	bot
531241275	bot
531241350	bot
531243222	bot
531244770	bot
531246393	bot
531246711	bot
531249450	bot
531249510	bot
531250998	bot
531252639	bot
531256458	bot
531256710	bot
531256866	bot
531259803	bot
531534294	bot
535781152	bot
535789505	bot
535901760	bot
549394334	bot
558061651	bot
571735543	bot
707991344	bot
708116888	bot
708129571	bot
708149348	bot
708194412	bot
708218874	bot
711479551	bot
711494346	bot
711506862	bot
711518438	bot
711547033	bot
711565705	bot
718141778	bot
805936572	bot
811498549	bot
816485959	bot
836255282	bot
839897809	bot
868978921	bot
870954793	bot
885249193	bot
926780918	bot
932738582	bot
934595191	bot
934684128	bot
938614555	bot
949652516	bot
953307336	bot
956473088	bot
964138124	bot
970094882	bot
974255899	bot
981247207	bot
982414274	bot
1002202471	bot
1013031680	bot
1119638359	bot
1162982473	bot
1169254332	bot
1169365328	bot
1169500806	bot
1183296271	bot
1190158771	bot
1257202958	bot
1267627190	bot
1360669345	bot
1372026204	bot
1372882284	bot
1372932530	bot
1386014743	bot
1388500788	bot
1446613350	bot
1488844220	bot
1517148602	bot
1580244270	bot
1601378383	bot
1638815436	bot
1639398596	bot
1686841579	bot
1699325190	bot
1699371337	bot
1702860350	bot
1857048475	bot
1858638313	bot
1967770471	bot
2183757256	bot
2231823601	bot
2236528326	bot
2236528682	bot
2240858066	bot
2247690122	bot
2324394186	bot
2361494688	bot
2392882105	bot
2396095423	bot
2396099064	bot
2429375022	bot
2429405521	bot
2438666143	bot